short_name,full_name
SC Ganguly,Sourav Ganguly
BB McCullum,Brendon McCullum
RT Ponting,Ricky Ponting
DJ Hussey,David Hussey
LR Shukla,Laxmi Ratan Shukla
WP Saha,Wriddhiman Saha
AB Agarkar,Ajit Agarkar
AB Dinda,Ashok Dinda
M Kartik,Murali Kartik
I Sharma,Ishant Sharma
R Dravid,Rahul Dravid
V Kohli,Virat Kohli
JH Kallis,Jacques Kallis
CL White,Cameron White
P Kumar,Praveen Kumar
Z Khan,Zaheer Khan
PA Patel,Parthiv Patel
MEK Hussey,Michael Hussey
MS Dhoni,MS Dhoni
SK Raina,Suresh Raina
JDP Oram,Jacob Oram
S Badrinath,Subramaniam Badrinath
Joginder Sharma,Joginder Sharma
MS Gony,Manpreet Gony
M Muralitharan,Muttiah Muralitharan
KC Sangakkara,Kumar Sangakkara
Yuvraj Singh,Yuvraj Singh
IK Pathan,Irfan Pathan
B Lee,Brett Lee
PP Chawla,Piyush Chawla
S Sreesanth,Shanthakumaran Sreesanth
YK Pathan,Yusuf Pathan
SR Watson,Shane Watson
M Kaif,Mohammad Kaif
RA Jadeja,Ravindra Jadeja
M Rawat,Mahesh Rawat
D Salunkhe,Dinesh Salunkhe
SK Trivedi,Siddharth Trivedi
MM Patel,Munaf Patel
G Gambhir,Gautam Gambhir
V Sehwag,Virender Sehwag
S Dhawan,Shikhar Dhawan
MK Tiwary,Manoj Tiwary
R Bhatia,Rajat Bhatia
M Manhas,Mithun Manhas
DL Vettori,Daniel Vettori
RV Uthappa,Robin Uthappa
AM Nayar,Abhishek Nayar
Harbhajan Singh,Harbhajan Singh
A Nehra,Ashish Nehra
DS Kulkarni,Dhawal Kulkarni
S Sohal,Sunny Sohal
Pankaj Singh,Pankaj Singh
DJ Bravo,Dwayne Bravo
GC Smith,Graeme Smith
SS Tiwary,Saurabh Tiwary
AM Rahane,Ajinkya Rahane
SD Chitnis,Siddharth Chitnis
TM Srivastava,Tanmay Srivastava
B Chipli,Bharat Chipli
DW Steyn,Dale Steyn
DB Das,Debabrata Das
MK Pandey,Manish Pandey
SE Marsh,Shaun Marsh
BJ Hodge,Brad Hodge
AB de Villiers,AB de Villiers
PJ Sangwan,Pradeep Sangwan
SP Goswami,Shreevats Goswami
YV Takawale,Yogesh Takawale
S Anirudha,Srikkanth Anirudha
L Balaji,Lakshmipathy Balaji
A Chopra,Aakash Chopra
SR Tendulkar,Sachin Tendulkar
DR Smith,Dwayne Smith
TM Dilshan,Tillakaratne Dilshan
A Mishra,Amit Mishra
LA Pomersbach,Luke Pomersbach
Iqbal Abdulla,Iqbal Abdulla
RR Powar,Ramesh Powar
A Mukund,Abhinav Mukund
R Ashwin,Ravichandran Ashwin
JP Duminy,JP Duminy
Kamran Khan,Kamran Khan
DP Nannes,Dirk Nannes
AM Salvi,Aavishkar Salvi
RS Bopara,Ravi Bopara
VS Malik,Vikramjeet Malik
CH Gayle,Chris Gayle
MC Henriques,Moises Henriques
Anureet Singh,Anureet Singh
AS Raut,Abhishek Raut
KP Appanna,KP Appanna
S Tyagi,Sudeep Tyagi
SB Jakati,Shadab Jakati
NV Ojha,Naman Ojha
M Vijay,Murali Vijay
DA Warner,David Warner
A Singh,Amit Singh
M Morkel,Morne Morkel
GJ Bailey,George Bailey
A Mithun,Abhimanyu Mithun
AD Mathews,Angelo Mathews
J Botha,Johan Botha
AB McDonald,Andrew McDonald
Y Nagar,Yogesh Nagar
CK Langeveldt,Charl Langeveldt
CA Pujara,Cheteshwar Pujara
OA Shah,Owais Shah
AP Tare,Aditya Tare
AT Rayudu,Ambati Rayudu
R Sathish,Rajagopal Sathish
R McLaren,Ryan McLaren
AG Murtaza,Ali Murtaza
AA Jhunjhunwala,Abhishek Jhunjhunwala
P Dogra,Paras Dogra
SW Tait,Shaun Tait
MS Bisla,Manvinder Bisla
EJG Morgan,Eoin Morgan
RE van der Merwe,Roelof van der Merwe
S Ladda,Sarabjit Ladda
Bipul Sharma,Bipul Sharma
KA Pollard,Kieron Pollard
S Narwal,Sumit Narwal
UT Yadav,Umesh Yadav
SJ Srivastava,Shalabh Srivastava
FY Fazal,Faiz Fazal
J Theron,Juan Theron
KM Jadhav,Kedar Jadhav
PD Collingwood,Paul Collingwood
KP Pietersen,Kevin Pietersen
DE Bollinger,Doug Bollinger
SB Wagh,Shrikant Wagh
JD Unadkat,Jaydev Unadkat
AP Dole,Aditya Dole
AG Paunikar,Amit Paunikar
AJ Finch,Aaron Finch
STR Binny,Stuart Binny
SB Styris,Scott Styris
TG Southee,Tim Southee
S Randiv,Suraj Randiv
AL Menaria,Ashok Menaria
MA Agarwal,Mayank Agarwal
AUK Pathan,Asad Pathan
UBT Chand,Unmukt Chand
DJ Jacobs,Davy Jacobs
RG Sharma,Rohit Sharma
JEC Franklin,James Franklin
AC Gilchrist,Adam Gilchrist
PC Valthaty,Paul Valthaty
Sunny Singh,Sunny Singh
NJ Rimmington,Nathan Rimmington
BA Bhatt,Bhargav Bhatt
RN ten Doeschate,Ryan ten Doeschate
S Nadeem,Shahbaz Nadeem
RJ Harris,Ryan Harris
R Ninan,Ryan Ninan
S Aravind,Sreenath Aravind
Shakib Al Hasan,Shakib Al Hasan
MS Wade,Matthew Wade
DH Yagnik,Dishant Yagnik
BJ Haddin,Brad Haddin
VR Aaron,Varun Aaron
TL Suman,Tirumalasetti Suman
AC Blizzard,Aiden Blizzard
CA Ingram,Colin Ingram
Mandeep Singh,Mandeep Singh
AA Kazi,Abrar Kazi
AA Chavan,Ankeet Chavan
F du Plessis,Faf du Plessis
PP Ojha,Pragyan Ojha
GJ Maxwell,Glenn Maxwell
M de Lange,Marchant de Lange
SA Yadav,Surya Kumar Yadav
JP Faulkner,James Faulkner
Harmeet Singh,Harmeet Singh Bansal
KK Cooper,Kevon Cooper
DAJ Bracewell,Doug Bracewell
HV Patel,Harshal Patel
SP Narine,Sunil Narine
RR Bhatkal,Raju Bhatkal
P Awana,Parvinder Awana
CJ McKay,Clint McKay
RP Singh,RP Singh
AD Russell,Andre Russell
N Saini,Nitin Saini
DA Miller,David Miller
Azhar Mahmood,Azhar Mahmood
P Negi,Pawan Negi
A Chandila,Ajit Chandila
R Shukla,Rahul Shukla
BW Hilfenhaus,Ben Hilfenhaus
Gurkeerat Singh,Gurkeerat Mann Singh
HH Gibbs,Herschelle Gibbs
Sunny Gupta,Sunny Gupta
MC Juneja,Manpreet Juneja
JJ Bumrah,Jasprit Bumrah
MG Johnson,Mitchell Johnson
DT Christian,Dan Christian
KK Nair,Karun Nair
A Ashish Reddy,Ashish Reddy
DB Ravi Teja,Dwaraka Ravi Teja
S Badree,Samuel Badree
B Laughlin,Ben Laughlin
AS Rajpoot,Ankit Rajpoot
M Vohra,Manan Vohra
Ankit Sharma,Ankit Sharma
Mohammed Shami,Mohammad Shami
R Dhawan,Rishi Dhawan
CH Morris,Chris Morris
KL Rahul,KL Rahul
S Kaul,Siddharth Kaul
Anand Rajan,Anand Rajan
MM Sharma,Mohit Sharma
R Rampaul,Ravi Rampaul
SMSM Senanayake,Sachithra Senanayake
KV Sharma,Karn Sharma
SV Samson,Sanju Samson
Q de Kock,Quinton de Kock
BB Samantray,Biplap Samantray
JO Holder,Jason Holder
CM Gautam,Chidhambaram Gautam
Sandeep Sharma,Sandeep Sharma
DJG Sammy,Darren Sammy
Sachin Baby,Sachin Baby
P Suyal,Pawan Suyal
PV Tambe,Pravin Tambe
MG Neser,Michael Neser
NM Coulter-Nile,Nathan Coulter-Nile
CJ Anderson,Corey Anderson
JDS Neesham,Jimmy Neesham
WD Parnell,Wayne Parnell
R Sharma,Rahul Sharma
NJ Maddinson,Nic Maddinson
S Rana,Sachin Rana
MA Starc,Mitchell Starc
YS Chahal,Yuzvendra Chahal
AR Patel,Axar Patel
KW Richardson,Kane Richardson
B Kumar,Bhuvneshwar Kumar
SPD Smith,Steve Smith
IC Pandey,Ishwar Pandey
CA Lynn,Chris Lynn
BR Dunk,Ben Dunk
RR Rossouw,Rilee Rossouw
R Tewatia,Rahul Tewatia
Shivam Sharma,Sandeep Sharma
Imran Tahir,Imran Tahir
LMP Simmons,Lendl Simmons
VH Zol,Vijay Zol
V Shankar,Vijay Shankar
BCJ Cutting,Ben Cutting
K Santokie,Krishmar Santokie
S Gopal,Shreyas Gopal
BE Hendricks,Beuran Hendricks
Parvez Rasool,Parveez Rasool
PJ Cummins,Pat Cummins
JW Hastings,John Hastings
Karanveer Singh,Karanveer Singh
SS Iyer,Shreyas Iyer
DJ Hooda,Deepak Hooda
KS Williamson,Kane Williamson
TA Boult,Trent Boult
KC Cariappa,KC Cariappa
SA Abbott,Sean Abbott
J Suchith,Jagadeesha Suchith
RG More,Ronit More
HH Pandya,Hardik Pandya
MJ McClenaghan,Mitchell McClenaghan
D Wiese,David Wiese
SN Khan,Sarfaraz Khan
SN Thakur,Shardul Thakur
GS Sandhu,Gurinder Sandhu
J Yadav,Jayant Yadav
BB Sran,Barinder Sran
JC Buttler,Jos Buttler
CR Brathwaite,Carlos Brathwaite
C Munro,Colin Munro
MP Stoinis,Marcus Stoinis
P Sahu,Pradeep Sahu
AF Milne,Adam Milne
Mustafizur Rahman,Mustafizur Rahman
Kuldeep Yadav,Kuldeep Yadav
KH Pandya,Krunal Pandya
KJ Abbott,Kyle Abbott
MJ Guptill,Martin Guptill
TM Head,Travis Head
T Shamsi,Tabraiz Shamsi
NS Naik,Nikhil Naik
RR Pant,Rishabh Pant
SW Billings,Sam Billings
Swapnil Singh,Swapnil Singh
CJ Jordan,Chris Jordan
HM Amla,Hashim Amla
F Behardien,Farhaan Behardien
N Rana,Nitish Rana
TS Mills,Tymal Mills
A Choudhary,Aniket Choudhary
Rashid Khan,Rashid Khan
CR Woakes,Chris Woakes
T Natarajan,T. Natarajan
Vishnu Vinod,Vishnu Vinod
B Stanlake,Billy Stanlake
C de Grandhomme,Colin de Grandhomme
Mohammad Nabi,Mohammad Nabi
Mohammed Siraj,Mohammed Siraj
K Rabada,Kagiso Rabada
SP Jackson,Sheldon Jackson
MN Samuels,Marlon Samuels
MJ Henry,Matt Henry
Avesh Khan,Avesh Khan
IR Jaggi,Ishank Jaggi
E Lewis,Evin Lewis
Ishan Kishan,Ishan Kishan
M Markande,Mayank Markande
DL Chahar,Deepak Chahar
MA Wood,Mark Wood
AJ Tye,Andrew Tye
Washington Sundar,Washington Sundar
K Khejroliya,Kulwant Khejroliya
RK Singh,Rinku Singh
BA Stokes,Ben Stokes
RA Tripathi,Rahul Tripathi
K Gowtham,Krishnappa Gowtham
TK Curran,Tom Curran
A Dananjaya,Akila Dananjaya
JJ Roy,Jason Roy
Shubman Gill,Shubman Gill
Shivam Mavi,Shivam Mavi
H Klaasen,Heinrich Klaasen
RK Bhui,Ricky Bhui
JC Archer,Jofra Archer
PP Shaw,Prithvi Shaw
Basil Thampi,Basil Thampi
AD Hales,Alex Hales
MK Lomror,Mahipal Lomror
IS Sodhi,Ish Sodhi
M Ashwin,Murugan Ashwin
KM Asif,KM Asif
L Ngidi,Lungisani Ngidi
DR Shorey,Dhruv Shorey
DJ Willey,David Willey
MM Ali,Moeen Ali
AD Nath,Akshdeep Nath
P Chopra,Prashant Chopra
Abhishek Sharma,Abhishek Sharma
S Lamichhane,Sandeep Lamichhane
KK Ahmed,Khaleel Ahmed
SO Hetmyer,Shimron Hetmyer
S Dube,Shivam Dube
Navdeep Saini,Navdeep Saini
JM Bairstow,Jonny Bairstow
LH Ferguson,Lockie Ferguson
KMA Paul,Keemo Paul
Rasikh Salam,Rasikh Salam
N Pooran,Nicholas Pooran
SM Curran,Sam Curran
P Ray Barman,Prayas Ray Barman
MJ Santner,Mitchell Santner
JP Behrendorff,Jason Behrendorff
RD Chahar,Rahul Chahar
SC Kuggeleijn,Scott Kuggeleijn
AS Joseph,Alzarri Joseph
S Midhun,Sudhesan Midhun
HF Gurney,Harry Gurney
SD Lad,Siddhesh Lad
R Parag,Riyan Parag
JL Denly,Joe Denly
LS Livingstone,Liam Livingstone
Arshdeep Singh,Arshdeep Singh
AJ Turner,Ashton Turner
Harpreet Brar,Harpreet Brar
SE Rutherford,Sherfane Rutherford
O Thomas,Oshane Thomas
AS Roy,Anukul Roy
S Sandeep Warrier,Sandeep Warrier
P Simran Singh,Prabhsimran Singh
A Nortje,Anrich Nortje
Ravi Bishnoi,Ravi Bishnoi
D Padikkal,Devdutt Padikkal
PK Garg,Priyam Garg
Abdul Samad,Abdul Samad
YBK Jaiswal,Yashasvi Jaiswal
RD Gaikwad,Ruturaj Gaikwad
KL Nagarkoti,Kamlesh Nagarkoti
Kartik Tyagi,Kartik Tyagi
N Jagadeesan,Narayan Jagadeesan
A Zampa,Adam Zampa
JR Hazlewood,Josh Hazlewood
P Dubey,Pravin Dubey
M Jansen,Marco Jansen
RM Patidar,Rajat Patidar
KA Jamieson,Kyle Jamieson
JA Richardson,Jhye Richardson
RP Meredith,Riley Meredith
C Sakariya,Chetan Sakariya
Lalit Yadav,Lalit Yadav
Virat Singh,Virat Singh
Jalaj S Saxena,Jalaj Saxena
LI Meriwala,Lukman Meriwala
FA Allen,Fabian Allen
DR Sams,Daniel Sams
Anuj Rawat,Anuj Rawat
DJ Malan,Dawid Malan
KS Bharat,K.S Bharat
VR Iyer,Venkatesh Iyer
Umran Malik,Umran Malik
GD Phillips,Glenn Phillips
Akash Singh,Akash Singh
GHS Garton,George Garton
AK Markram,Aiden Markram
K Yadav,Kuldip Yadav
NT Ellis,Nathan Ellis
RV Patel,Ripal Patel
TL Seifert,Tim Seifert
Anmolpreet Singh,Anmolpreet Singh
IC Porel,Ishan Porel
AU Rashid,Adil Rashid
TH David,Tim David
DP Conway,Devon Conway
TU Deshpande,Tushar Deshpande
R Powell,Rovman Powell
Akash Deep,Akash Deep
RA Bawa,Raj Angad Bawa
OF Smith,Odean Smith
A Badoni,Ayush Badoni
Mohsin Khan,Mohsin Khan
A Manohar,Abhinav Manohar
R Shepherd,Romario Shepherd
D Pretorius,Dwaine Pretorius
Mukesh Choudhary,Mukesh Choudhary
JM Sharma,Jitesh Sharma
VG Arora,Vaibhav Arora
D Brevis,Dewald Brevis
DG Nalkande,Darshan Nalkande
M Theekshana,Maheesh Theekshana
Shashank Singh,Shashank Singh
Ramandeep Singh,Ramandeep Singh
KR Sen,Kuldeep Sen
SS Prabhudessai,Suyash S Prabhudessai
Yash Dayal,Yash Dayal
Aman Hakim Khan,Aman Khan
MR Marsh,Mitchell Marsh
OC McCoy,Obed McCoy
HR Shokeen,Hrithik Shokeen
DJ Mitchell,Daryl Mitchell
B Indrajith,Baba Indrajith
Harshit Rana,Harshit Rana
K Kartikeya,Kumar Kartikeya Singh
Simarjeet Singh,Simarjeet Singh
Fazalhaq Farooqi,Fazalhaq Farooqi
KS Sharma,Karan Sharma
T Stubbs,Tristan Stubbs
PH Solanki,Prashant Solanki
M Pathirana,Matheesha Pathirana
A Tomar,Abhijeet Tomar
PN Mankad,Prerak Mankad
RS Hangargekar,Rajvardhan Hangargekar
J Little,Joshua Little
Sikandar Raza,Sikandar Raza
Rahmanullah Gurbaz,Rahmanullah Gurbaz
KR Mayers,Kyle Mayers
Mukesh Kumar,Mukesh Kumar
NA Saini,Navdeep Saini
HC Brook,Harry Brook
C Green,Cameron Green
N Wadhera,Nehal Wadhera
MG Bracewell,Michael Bracewell
RJW Topley,Reece Topley
Yash Thakur,Yash Thakur
Abishek Porel,Abishek Porel
Dhruv Jurel,Dhruv Jurel
Suyash Sharma,Suyash Sharma
SSB Magala,Sisanda Magala
MW Short,Matthew William Short
Mohit Rathee,Mohit Rathee
YV Dhull,Yash Dhull
Vijaykumar Vyshak,Vyshak Vijaykumar
Yudhvir Singh,Yudhvir Singh Charak
Atharva Taide,Atharva Taide
Arjun Tendulkar,Arjun Tendulkar
D Jansen,Duan Jansen
Noor Ahmad,Noor Ahmad
Liton Das,Litton Das
PD Salt,Phil Salt
Mayank Dagar,Mayank Dagar
Gurnoor Brar,Gurnoor Singh Brar
AJ Hosein,Akeal Hosein
Akash Madhwal,Akash Madhwal
R Goyal,Raghav Goyal
JE Root,Joe Root 
Vivrant Sharma,Vivrant Sharma
Sanvir Singh,Sanvir Singh
Nithish Kumar Reddy,Nitish Kumar Reddy
H Sharma,Himanshu Sharma
R Ravindra,Rachin Ravindra
Sameer Rizvi,Sameer Rizvi
SD Hope,Shai Hope
Sumit Kumar,Sumit Kumar
N Burger,Nandre Burger
Azmatullah Omarzai,Azmatullah Omarzai
SH Johnson,Spencer Johnson
L Wood,Luke Wood
Naman Dhir,Naman Dhir
G Coetzee,Gerald Coetzee
SZ Mulani,Shams Mulani
KT Maphaka,Kwena Maphaka
A Raghuvanshi,Angkrish Raghuvanshi
MP Yadav,Mayank Yadav
M Siddharth,M. Siddharth
SB Dubey,Shubham Dubey
Ashutosh Sharma,Ashutosh Sharma
Kumar Kushagra,Kumar Kushagra
BR Sharath,BR Sharath
KA Maharaj,Keshav Maharaj 
WG Jacks,Will Jacks
J Fraser-McGurk,Jake Fraser-McGurk
Tanush Kotian,Tanush Kotian
S Joseph,Shamar Joseph
N Thushara,Nuwan Thushara
LB Williams,Lizaad Williams
AA Kulkarni,Arshin Kulkarni
RJ Gleeson,Richard Gleeson
MJ Suthar,Manav Suthar
A Kamboj,Anshul Kamboj
Gulbadin Naib,Gulbadin Naib
D Ferreira,Donovan Ferreira
V Viyaskanth,Vijayakanth Viyaskanth
V Kaverappa,Vidwath Kaverappa
T Kohler-Cadmore,Tom Kohler-Cadmore
Shivam Singh,Shashank Singh
Aniket Verma,Aniket Verma
R Minz,Robin Minz
Prince Yadav,Prince Yadav
V Nigam,Vipraj Nigam
Priyansh Arya,Priyansh Arya
Suryansh Shedge,Suryansh Shedge
M Shahrukh Khan,Mohd. Arshad Khan
Zeeshan Ansari,Zeeshan Ansari
J Overton,Jamie Overton
Ashwani Kumar,Ashwani Kumar
Himmat Singh,Himmat Singh
E Malinga,Eshan Malinga
SK Rasheed,Shaik Rasheed
JP Inglis,Josh Inglis
XC Bartlett,Xavier Bartlett
MS Bhandage,Manoj Bhandage
V Suryavanshi,Vaibhav Suryavanshi
A Mhatre,Ayush Mhatre
Karim Janat,Karim Janat
KS Rathore,Kunal Rathore
Urvil Patel,Urvil Patel
M Tiwari,Madhav Tiwari
MJ Owen,Mitch Owen
Harsh Dubey,Harsh Dubey
Sediqullah Atal,Sediqullah Atal
MP Breetzke,Matthew Breetzke
Musheer Khan,Musheer Khan
